<?xml version="1.0" encoding="UTF-8"?>
<project xmlns="http://maven.apache.org/POM/4.0.0" xmlns:xsi="http://www.w3.org/2001/XMLSchema-instance" xsi:schemaLocation="http://maven.apache.org/POM/4.0.0 http://maven.apache.org/maven-v4_0_0.xsd">
  <parent>
    <artifactId>catpoint-parent</artifactId>
    <groupId>com.udacity.catpoint</groupId>
    <version>1.0-SNAPSHOT</version>
  </parent>
  <modelVersion>4.0.0</modelVersion>
  <artifactId>Security</artifactId>
  <build>
    <plugins>
      <plugin>
        <artifactId>maven-surefire-plugin</artifactId>
        <version>3.2.5</version>
      </plugin>
      <plugin>
        <artifactId>maven-shade-plugin</artifactId>
        <version>3.5.0</version>
        <executions>
          <execution>
            <phase>package</phase>
            <goals>
              <goal>shade</goal>
            </goals>
            <configuration>
              <transformers>
                <transformer>
                  <mainClass>com.udacity.catpoint.Main</mainClass>
                </transformer>
              </transformers>
            </configuration>
          </execution>
        </executions>
      </plugin>
    </plugins>
  </build>
  <dependencies>
    <dependency>
      <groupId>org.junit.jupiter</groupId>
      <artifactId>junit-jupiter</artifactId>
      <version>5.10.0</version>
      <scope>test</scope>
      <exclusions>
        <exclusion>
          <artifactId>junit-jupiter-api</artifactId>
          <groupId>org.junit.jupiter</groupId>
        </exclusion>
        <exclusion>
          <artifactId>junit-jupiter-params</artifactId>
          <groupId>org.junit.jupiter</groupId>
        </exclusion>
        <exclusion>
          <artifactId>junit-jupiter-engine</artifactId>
          <groupId>org.junit.jupiter</groupId>
        </exclusion>
      </exclusions>
    </dependency>
    <dependency>
      <groupId>org.mockito</groupId>
      <artifactId>mockito-core</artifactId>
      <version>5.7.0</version>
      <scope>test</scope>
      <exclusions>
        <exclusion>
          <artifactId>byte-buddy</artifactId>
          <groupId>net.bytebuddy</groupId>
        </exclusion>
        <exclusion>
          <artifactId>byte-buddy-agent</artifactId>
          <groupId>net.bytebuddy</groupId>
        </exclusion>
        <exclusion>
          <artifactId>objenesis</artifactId>
          <groupId>org.objenesis</groupId>
        </exclusion>
      </exclusions>
    </dependency>
    <dependency>
      <groupId>org.mockito</groupId>
      <artifactId>mockito-junit-jupiter</artifactId>
      <version>5.7.0</version>
      <scope>test</scope>
      <exclusions>
        <exclusion>
          <artifactId>junit-jupiter-api</artifactId>
          <groupId>org.junit.jupiter</groupId>
        </exclusion>
      </exclusions>
    </dependency>
  </dependencies>
</project>
